lchildes0,lchildes0@behance.net
dhatrey1,dhatrey1@gov.uk
fbuffery2,fbuffery2@51.la
tspofforth3,tspofforth3@wufoo.com
tduckwith4,tduckwith4@house.gov
mtommen5,mtommen5@usda.gov
mpeatt6,mpeatt6@mediafire.com
nstolze7,nstolze7@ezinearticles.com
zshorto8,zshorto8@webeden.co.uk
cpinnick9,cpinnick9@phoca.cz
rruggena,rruggena@ftc.gov
bbenezetb,bbenezetb@dmoz.org
lshrubsallc,lshrubsallc@technorati.com
srained,srained@quantcast.com
iboutwelle,iboutwelle@nbcnews.com
mjarrellf,mjarrellf@cbslocal.com
nearryg,nearryg@hatena.ne.jp
gpentercosth,gpentercosth@digg.com
mboarderj,mboarderj@cafepress.com
elamckenk,elamckenk@weibo.com
brenwickl,brenwickl@photobucket.com
dmacpadenem,dmacpadenem@bandcamp.com
sleneven,sleneven@discuz.net
kkinnyp,kkinnyp@dot.gov
fdebruijneq,fdebruijneq@oaic.gov.au
gconstanzar,gconstanzar@washington.edu
rmacmakins,rmacmakins@accuweather.com
jmccarrickt,jmccarrickt@wisc.edu
ebrignellu,ebrignellu@nbcnews.com
shaydneyv,shaydneyv@ihg.com
pcondyw,pcondyw@163.com
ajeaffersonx,ajeaffersonx@dyndns.org
mmaryanz,mmaryanz@studiopress.com
dpaffett10,dpaffett10@ucoz.com
arunnalls11,arunnalls11@un.org
tallman12,tallman12@instagram.com
mscrannage13,mscrannage13@goo.ne.jp
ekirsop14,ekirsop14@indiegogo.com
dvondracek15,dvondracek15@rambler.ru
cminister16,cminister16@infoseek.co.jp
sclerke17,sclerke17@bluehost.com
ffrary18,ffrary18@salon.com
alamplugh19,alamplugh19@t-online.de
ksimmell1a,ksimmell1a@merriam-webster.com
leyckel1b,leyckel1b@dedecms.com
lchettle1c,lchettle1c@pagesperso-orange.fr
jblundel1d,jblundel1d@freewebs.com
ctibbles1e,ctibbles1e@merriam-webster.com
coades1f,coades1f@furl.net
rpeggrem1g,rpeggrem1g@sun.com
bcredland1h,bcredland1h@cnbc.com
cpollen1i,cpollen1i@abc.net.au
ayukhtin1j,ayukhtin1j@spiegel.de
jmcclune1k,jmcclune1k@qq.com
baime1l,baime1l@deviantart.com
cbonavia1m,cbonavia1m@netlog.com
ccantu1n,ccantu1n@people.com.cn
mdarbon1o,mdarbon1o@epa.gov
hbeamond1p,hbeamond1p@washington.edu
iduprey1q,iduprey1q@bizjournals.com
jdepaoli1r,jdepaoli1r@studiopress.com
scrichton1s,scrichton1s@bloglines.com
khennemann1t,khennemann1t@over-blog.com
eravenhill1u,eravenhill1u@vimeo.com
pfenech1v,pfenech1v@home.pl
wsaile1w,wsaile1w@timesonline.co.uk
cgadson1x,cgadson1x@flavors.me
nstidson1y,nstidson1y@creativecommons.org
schristie1z,schristie1z@fema.gov
vjeenes20,vjeenes20@eepurl.com
pdocker21,pdocker21@pcworld.com
gdarrington22,gdarrington22@eventbrite.com
smacdirmid23,smacdirmid23@dailymotion.com
cfiddler24,cfiddler24@usa.gov
dmattiessen25,dmattiessen25@dion.ne.jp
nmorgue26,nmorgue26@yale.edu
steale27,steale27@cnet.com
ssmorfit28,ssmorfit28@independent.co.uk
dbeamson29,dbeamson29@archive.org
caguirre2a,caguirre2a@seesaa.net
splacide2b,splacide2b@nifty.com
cpostance2c,cpostance2c@apache.org
scadwaladr2d,scadwaladr2d@eepurl.com
aesslemont2e,aesslemont2e@hud.gov
aboar2f,aboar2f@scientificamerican.com
rmilland2g,rmilland2g@mediafire.com
ldelong2h,ldelong2h@apache.org
cpaolinelli2i,cpaolinelli2i@macromedia.com
whelwig2j,whelwig2j@sfgate.com
bmildenhall2k,bmildenhall2k@yahoo.co.jp
jhubberstey2l,jhubberstey2l@bbc.co.uk
ppeterffy2m,ppeterffy2m@about.me
pstenyng2n,pstenyng2n@liveinternet.ru
malbiston2o,malbiston2o@reverbnation.com
mlaundon2p,mlaundon2p@nsw.gov.au
rpassmore2q,rpassmore2q@over-blog.com
sfaull2r,sfaull2r@parallels.com
esolley2s,esolley2s@fotki.com
ncaddy2t,ncaddy2t@google.es
kmonkman2u,kmonkman2u@cdc.gov
sanersen2v,sanersen2v@twitpic.com
dkinsett2w,dkinsett2w@fastcompany.com
kvigne2x,kvigne2x@ftc.gov
lreeder2y,lreeder2y@scribd.com
rpiercy2z,rpiercy2z@wordpress.com
graynard30,graynard30@ucla.edu
pdenziloe31,pdenziloe31@marriott.com
jullrich32,jullrich32@alibaba.com
dcoventry33,dcoventry33@nifty.com
bwasylkiewicz34,bwasylkiewicz34@over-blog.com
nlinne35,nlinne35@technorati.com
kgepheart36,kgepheart36@facebook.com
ascobie37,ascobie37@posterous.com
dwhiley38,dwhiley38@seattletimes.com
ajeacocke39,ajeacocke39@w3.org
awindrus3a,awindrus3a@google.com.au
csatcher3b,csatcher3b@auda.org.au
jsea3c,jsea3c@qq.com
popfer3d,popfer3d@newyorker.com
wgrowden3e,wgrowden3e@i2i.jp
tdionisii3f,tdionisii3f@feedburner.com
cnazaret3g,cnazaret3g@wired.com
pmulvenna3h,pmulvenna3h@ibm.com
bgibbetts3i,bgibbetts3i@yahoo.co.jp
wkingswoode3j,wkingswoode3j@baidu.com
tomonahan3k,tomonahan3k@imgur.com
pbaudain3l,pbaudain3l@printfriendly.com
cheinel3m,cheinel3m@surveymonkey.com
pwestrip3n,pwestrip3n@google.com.br
sdunkerton3o,sdunkerton3o@discovery.com
gbeamson3p,gbeamson3p@wordpress.org
ccaras3q,ccaras3q@reuters.com
cchadwyck3r,cchadwyck3r@sakura.ne.jp
klyst3s,klyst3s@feedburner.com
thampton3t,thampton3t@live.com
emcgillreich3u,emcgillreich3u@gravatar.com
gfellis3v,gfellis3v@dropbox.com
focridigan3w,focridigan3w@nhs.uk
pcrimmins3x,pcrimmins3x@google.nl
babsalom3y,babsalom3y@elegantthemes.com
gmccaughey3z,gmccaughey3z@ezinearticles.com
astannard40,astannard40@smh.com.au
dhulls41,dhulls41@tripod.com
kdiruggiero42,kdiruggiero42@google.de
cwigfall43,cwigfall43@blogger.com
bsmouten44,bsmouten44@opensource.org
ngamble45,ngamble45@nytimes.com
ahaugeh46,ahaugeh46@slashdot.org
rcastagnasso47,rcastagnasso47@cnn.com
mcroix48,mcroix48@weather.com
dhugonet49,dhugonet49@youku.com
whaskur4a,whaskur4a@cbc.ca
vsantoro4b,vsantoro4b@etsy.com
crockcliff4c,crockcliff4c@about.me
striggel4d,striggel4d@bloglovin.com
polyonov4e,polyonov4e@people.com.cn
wharrowing4f,wharrowing4f@amazon.co.jp
ttoope4g,ttoope4g@163.com
kdewire4h,kdewire4h@mac.com
earonoff4i,earonoff4i@un.org
gziem4j,gziem4j@1688.com
mtanman4k,mtanman4k@ed.gov
mshapiro4l,mshapiro4l@homestead.com
tbrownell4m,tbrownell4m@bing.com
clevinge4n,clevinge4n@hc360.com
lrobelet4o,lrobelet4o@msu.edu
rmenpes4p,rmenpes4p@pbs.org
lmingard4q,lmingard4q@sitemeter.com
lwoodroofe4r,lwoodroofe4r@creativecommons.org
prenish4s,prenish4s@technorati.com
kcollopy4t,kcollopy4t@bizjournals.com
awash4u,awash4u@tmall.com
randryszczak4v,randryszczak4v@nifty.com
ddocherty4w,ddocherty4w@ovh.net
mheinsen4x,mheinsen4x@diigo.com
arisbridge4y,arisbridge4y@list-manage.com
sizkovitz4z,sizkovitz4z@furl.net
aringsell50,aringsell50@com.com
efindley51,efindley51@usatoday.com
drizzo52,drizzo52@wikipedia.org
smarfe53,smarfe53@wufoo.com
gelphee54,gelphee54@163.com
bwylam55,bwylam55@ihg.com
froan56,froan56@scribd.com
cpawellek57,cpawellek57@howstuffworks.com
ggiacomuzzi58,ggiacomuzzi58@loc.gov
eniess59,eniess59@sitemeter.com
afredson5a,afredson5a@vkontakte.ru
erowney5b,erowney5b@hp.com
nianelli5c,nianelli5c@redcross.org
lstranahan5d,lstranahan5d@psu.edu
rrosson5e,rrosson5e@businesswire.com
mgogerty5f,mgogerty5f@imageshack.us
feller5g,feller5g@nytimes.com
umcateer5h,umcateer5h@wunderground.com
wtwyford5i,wtwyford5i@answers.com
mocorren5j,mocorren5j@twitpic.com
coliffe5k,coliffe5k@ft.com
acordle5l,acordle5l@twitter.com
clightowler5m,clightowler5m@xrea.com
pyeldon5n,pyeldon5n@yolasite.com
phavers5o,phavers5o@ameblo.jp
dmerrien5p,dmerrien5p@google.pl
ldach5q,ldach5q@boston.com
zmithon5r,zmithon5r@scientificamerican.com
jcolleymore5s,jcolleymore5s@nbcnews.com
cspiers5t,cspiers5t@liveinternet.ru
mmcwilliams5u,mmcwilliams5u@g.co
rpoat5v,rpoat5v@lycos.com
bechlin5w,bechlin5w@virginia.edu
aellerey5x,aellerey5x@apache.org
mramm5y,mramm5y@theatlantic.com
ccondon5z,ccondon5z@forbes.com
slouw60,slouw60@odnoklassniki.ru
hgirodin61,hgirodin61@paypal.com
lmussalli62,lmussalli62@cdc.gov
gpyecroft63,gpyecroft63@eepurl.com
imumberson64,imumberson64@mlb.com
jronaldson65,jronaldson65@cnn.com
mvelten66,mvelten66@cam.ac.uk
rblacker67,rblacker67@ted.com
zjouannisson68,zjouannisson68@ovh.net
zgrunder69,zgrunder69@google.com.hk
cdruery6a,cdruery6a@blogspot.com
abloxsome6b,abloxsome6b@google.nl
ktrimming6c,ktrimming6c@chicagotribune.com
cschirach6d,cschirach6d@youtu.be
twitherow6e,twitherow6e@gizmodo.com
wlutton6f,wlutton6f@ft.com
tshillington6g,tshillington6g@va.gov
rsworne6h,rsworne6h@feedburner.com
esolesbury6i,esolesbury6i@virginia.edu
cgerlack6j,cgerlack6j@paginegialle.it
dharyngton6k,dharyngton6k@deliciousdays.com
mpeskin6l,mpeskin6l@bravesites.com
sscorrer6m,sscorrer6m@mit.edu
tharrington6n,tharrington6n@unicef.org
pstudde6o,pstudde6o@fastcompany.com
jhelling6p,jhelling6p@networkadvertising.org
hgrassin6q,hgrassin6q@europa.eu
avoules6r,avoules6r@hostgator.com
blorman6s,blorman6s@merriam-webster.com
gstanwix6t,gstanwix6t@ocn.ne.jp
istrivens6u,istrivens6u@eventbrite.com
lclemmensen6v,lclemmensen6v@edublogs.org
ebocock6w,ebocock6w@geocities.jp
vredpath6x,vredpath6x@cyberchimps.com
lorthmann6y,lorthmann6y@clickbank.net
mhaensel6z,mhaensel6z@twitpic.com
lgoade70,lgoade70@state.gov
hantat71,hantat71@surveymonkey.com
ipresley72,ipresley72@nytimes.com
obrisco73,obrisco73@live.com
ddreschler74,ddreschler74@ucsd.edu
fbrigginshaw75,fbrigginshaw75@tinypic.com
ngartsyde76,ngartsyde76@hubpages.com
gcockman77,gcockman77@va.gov
kmeach78,kmeach78@issuu.com
rcallard79,rcallard79@diigo.com
tmcelwee7a,tmcelwee7a@1und1.de
cchetwind7b,cchetwind7b@i2i.jp
svince7c,svince7c@squidoo.com
dwaddingham7d,dwaddingham7d@dyndns.org
mlogie7e,mlogie7e@ucsd.edu
mchilton7f,mchilton7f@wisc.edu
fstanding7g,fstanding7g@wiley.com
akelland7h,akelland7h@gravatar.com
aworledge7i,aworledge7i@google.com.br
ejailler7j,ejailler7j@redcross.org
mkeningham7k,mkeningham7k@issuu.com
llittrick7l,llittrick7l@mapy.cz
ftraynor7m,ftraynor7m@meetup.com
jbothe7n,jbothe7n@angelfire.com
vmassimi7o,vmassimi7o@imgur.com
jbringloe7p,jbringloe7p@phpbb.com
ftzar7q,ftzar7q@tumblr.com
ncoling7r,ncoling7r@twitpic.com
mfaust7s,mfaust7s@ucla.edu
srenshaw7t,srenshaw7t@washingtonpost.com
gsparey7u,gsparey7u@opensource.org
thofton7v,thofton7v@nhs.uk
lreiling7w,lreiling7w@slate.com
dwonfar7x,dwonfar7x@xing.com
jbabington7y,jbabington7y@cmu.edu
sbennell7z,sbennell7z@arstechnica.com
wdaines80,wdaines80@moonfruit.com
sbanasiak81,sbanasiak81@chron.com
ccoronas82,ccoronas82@gizmodo.com
along83,along83@jiathis.com
bpecey84,bpecey84@scribd.com
geilhertsen85,geilhertsen85@last.fm
jliggons86,jliggons86@linkedin.com
mtuckwell87,mtuckwell87@biblegateway.com
pbassick88,pbassick88@booking.com
laronov89,laronov89@statcounter.com
msongist8a,msongist8a@examiner.com
dzarfai8b,dzarfai8b@gravatar.com
acobello8c,acobello8c@skyrock.com
cswatheridge8d,cswatheridge8d@unicef.org
cmasurel8e,cmasurel8e@state.gov
dhaug8f,dhaug8f@census.gov
bnyles8g,bnyles8g@yahoo.com
ribbitt8h,ribbitt8h@msn.com
odicke8i,odicke8i@booking.com
mmcalister8j,mmcalister8j@about.com
ahucker8k,ahucker8k@java.com
bnias8l,bnias8l@wikispaces.com
mwoodroff8m,mwoodroff8m@google.es
ealoigi8n,ealoigi8n@ow.ly
equarmby8o,equarmby8o@npr.org
vkuhnwald8p,vkuhnwald8p@google.es
fwall8q,fwall8q@csmonitor.com
sorton8r,sorton8r@netlog.com
igraine8s,igraine8s@mlb.com
bbridle8t,bbridle8t@privacy.gov.au
pegell8u,pegell8u@opera.com
smoubray8v,smoubray8v@paginegialle.it
omagrane8w,omagrane8w@imdb.com
bdoorly8x,bdoorly8x@google.ru
cdrewery8y,cdrewery8y@sakura.ne.jp
gpettiford8z,gpettiford8z@nps.gov
bjann90,bjann90@tumblr.com
ssautter91,ssautter91@scribd.com
njohn92,njohn92@angelfire.com
cheersema93,cheersema93@mozilla.com
kmacwhirter94,kmacwhirter94@posterous.com
gkrysztowczyk95,gkrysztowczyk95@typepad.com
cfrise96,cfrise96@webeden.co.uk
apiperley97,apiperley97@tinypic.com
bainsworth98,bainsworth98@chron.com
borbon99,borbon99@i2i.jp
tmaclaine9a,tmaclaine9a@youtu.be
iboylan9b,iboylan9b@google.de
alambden9c,alambden9c@desdev.cn
jdiprose9d,jdiprose9d@yandex.ru
bdavidove9e,bdavidove9e@prweb.com
ijurzyk9f,ijurzyk9f@yahoo.co.jp
ajorcke9g,ajorcke9g@washington.edu
mlemmen9h,mlemmen9h@geocities.com
bcalton9i,bcalton9i@imageshack.us
cvlasenkov9j,cvlasenkov9j@ucla.edu
mgreenwood9k,mgreenwood9k@skype.com
lmacy9l,lmacy9l@kickstarter.com
mglyn9m,mglyn9m@eepurl.com
rstobbie9n,rstobbie9n@wired.com
ldring9o,ldring9o@youku.com
mlinnard9p,mlinnard9p@japanpost.jp
rjedraszczyk9q,rjedraszczyk9q@yahoo.co.jp
otschirasche9r,otschirasche9r@prlog.org
sgullifant9s,sgullifant9s@bloglines.com
pockleshaw9t,pockleshaw9t@fc2.com
jlambole9u,jlambole9u@domainmarket.com
acastellani9v,acastellani9v@hexun.com
amayler9w,amayler9w@nyu.edu
ydeller9x,ydeller9x@biblegateway.com
crosini9y,crosini9y@examiner.com
tfarquhar9z,tfarquhar9z@slate.com
jparkea0,jparkea0@hp.com
umageea1,umageea1@cloudflare.com
iblackmuira2,iblackmuira2@narod.ru
dwheadona3,dwheadona3@rediff.com
asikorskia4,asikorskia4@360.cn
tgariffa5,tgariffa5@gizmodo.com
rvaldesa6,rvaldesa6@mlb.com
gkewa7,gkewa7@omniture.com
cquincea8,cquincea8@apple.com
bhaylandsa9,bhaylandsa9@studiopress.com
lsweetmanaa,lsweetmanaa@eepurl.com
rlillecropab,rlillecropab@dagondesign.com
dgalwayac,dgalwayac@prlog.org
slemaryad,slemaryad@blinklist.com
blyardae,blyardae@wsj.com
handrelliaf,handrelliaf@yahoo.com
nmacelroyag,nmacelroyag@nhs.uk
acargenvenah,acargenvenah@google.pl
nraoai,nraoai@vkontakte.ru
mgabbataj,mgabbataj@webnode.com
khitscherak,khitscherak@tiny.cc
afeasteral,afeasteral@ocn.ne.jp
rpyecroftam,rpyecroftam@fastcompany.com
lvaaran,lvaaran@exblog.jp
kbrettelleao,kbrettelleao@cbsnews.com
mdanilishinap,mdanilishinap@spotify.com
cleedesaq,cleedesaq@flavors.me
bcobleyar,bcobleyar@wikipedia.org
mspitaroas,mspitaroas@biglobe.ne.jp
skeillohat,skeillohat@house.gov
kvonhagtau,kvonhagtau@java.com
siannuzziav,siannuzziav@gnu.org
mrottcheraw,mrottcheraw@sun.com
mkeyesax,mkeyesax@nyu.edu
bscullinay,bscullinay@mail.ru
rethelstonaz,rethelstonaz@trellian.com
lbrantonb0,lbrantonb0@e-recht24.de
asircombb1,asircombb1@yelp.com
hmcmeekinb2,hmcmeekinb2@telegraph.co.uk
formistoneb3,formistoneb3@github.com
jwadlyb4,jwadlyb4@odnoklassniki.ru
lsimonardb5,lsimonardb5@vk.com
tferrillob6,tferrillob6@sciencedaily.com
astitfallb7,astitfallb7@ebay.co.uk
sbahlsb8,sbahlsb8@yale.edu
klysterb9,klysterb9@umich.edu
mlockeyba,mlockeyba@com.com
slaybb,slaybb@dion.ne.jp
hmallabundbc,hmallabundbc@wsj.com
cmarklowbd,cmarklowbd@comsenz.com
dhandfordbe,dhandfordbe@seattletimes.com
tfernleybf,tfernleybf@hugedomains.com
jspataribg,jspataribg@admin.ch
ggulstonbh,ggulstonbh@sciencedaily.com
igiblingbi,igiblingbi@themeforest.net
mhannawaybj,mhannawaybj@nasa.gov
cbeatonbk,cbeatonbk@goo.gl
icostonbl,icostonbl@hhs.gov
tbrieretonbm,tbrieretonbm@pinterest.com
ttelferbn,ttelferbn@squidoo.com
nyurikovbo,nyurikovbo@alexa.com
vminerobp,vminerobp@mail.ru
rivimybq,rivimybq@purevolume.com
lmaypesbr,lmaypesbr@irs.gov
dguerribs,dguerribs@google.com.au
roldallbt,roldallbt@123-reg.co.uk
jbowleybu,jbowleybu@telegraph.co.uk
amacguiganbv,amacguiganbv@hibu.com
skimbleybw,skimbleybw@google.com.hk
mcuestabx,mcuestabx@si.edu
ddavysby,ddavysby@g.co
nfunnellbz,nfunnellbz@vimeo.com
dbirtwistlec0,dbirtwistlec0@samsung.com
tsedenc1,tsedenc1@free.fr
kchestnuttc2,kchestnuttc2@netlog.com
oerrichielloc3,oerrichielloc3@youtube.com
dsimmonettc4,dsimmonettc4@smugmug.com
amachansc5,amachansc5@bravesites.com
cgaydenc6,cgaydenc6@state.tx.us
rmeneuxc7,rmeneuxc7@wix.com
kalenshevc8,kalenshevc8@jiathis.com
nsidesc9,nsidesc9@dailymail.co.uk
scastagneca,scastagneca@163.com
rskainscb,rskainscb@foxnews.com
oringscc,oringscc@scientificamerican.com
rhorseycd,rhorseycd@163.com
tlinsleyce,tlinsleyce@mediafire.com
cveschambrecf,cveschambrecf@europa.eu
htreacycg,htreacycg@paginegialle.it
nscadingch,nscadingch@loc.gov
atewkesburyci,atewkesburyci@blogspot.com
mvanderhovencj,mvanderhovencj@craigslist.org
fperottck,fperottck@huffingtonpost.com
saggcl,saggcl@kickstarter.com
vshasnancm,vshasnancm@merriam-webster.com
sboritcn,sboritcn@vistaprint.com
fthringco,fthringco@ameblo.jp
fcarbincp,fcarbincp@google.co.jp
mhelincq,mhelincq@shareasale.com
gmixturecr,gmixturecr@w3.org
rbushrodcs,rbushrodcs@slideshare.net
bswannickct,bswannickct@1688.com
sklaassenscu,sklaassenscu@phoca.cz
vshealscv,vshealscv@stanford.edu
hsimkisscw,hsimkisscw@wired.com
sduckfieldcx,sduckfieldcx@twitter.com
agealecy,agealecy@latimes.com
ccarrencz,ccarrencz@go.com
bdenisond0,bdenisond0@google.com.br
hdumbrilld1,hdumbrilld1@furl.net
jnandd2,jnandd2@tamu.edu
nshepherdd3,nshepherdd3@java.com
wlutzd4,wlutzd4@skype.com
mtorresed5,mtorresed5@cbsnews.com
rconeybeerd6,rconeybeerd6@joomla.org
tstreeterd7,tstreeterd7@hhs.gov
afoggartyd8,afoggartyd8@bloglovin.com
jbaldassid9,jbaldassid9@techcrunch.com
ochessunda,ochessunda@bigcartel.com
vmonksfielddb,vmonksfielddb@mac.com
lsharphousedc,lsharphousedc@constantcontact.com
lsmeetondd,lsmeetondd@indiatimes.com
rreadyde,rreadyde@sohu.com
abloxlanddf,abloxlanddf@symantec.com
sdelnevodg,sdelnevodg@blogtalkradio.com
rgrzegorzewiczdh,rgrzegorzewiczdh@free.fr
lchalderdi,lchalderdi@who.int
lseedhousedj,lseedhousedj@unesco.org
dmacvaindk,dmacvaindk@wordpress.com
arozierdl,arozierdl@oracle.com
zmcgeorgedm,zmcgeorgedm@fastcompany.com
elarmourdn,elarmourdn@geocities.jp
bneamedo,bneamedo@360.cn
mstientondp,mstientondp@cafepress.com
bcromwelldq,bcromwelldq@amazon.co.jp
dtrimmilldr,dtrimmilldr@weather.com
mlezemoreds,mlezemoreds@gravatar.com
kgriggsdt,kgriggsdt@cdbaby.com
omorfettdu,omorfettdu@irs.gov
jpittockdv,jpittockdv@artisteer.com
gatheydw,gatheydw@ebay.co.uk
lhanndx,lhanndx@e-recht24.de
lbattylldy,lbattylldy@mayoclinic.com
kwaplingtondz,kwaplingtondz@guardian.co.uk
pstarbuckee0,pstarbuckee0@feedburner.com
mmackerethe1,mmackerethe1@mlb.com
dderdese2,dderdese2@ning.com
kburburye3,kburburye3@is.gd
nhoulahane4,nhoulahane4@soundcloud.com
ddosedalee5,ddosedalee5@infoseek.co.jp
cbrabante6,cbrabante6@kickstarter.com
mweede7,mweede7@scientificamerican.com
cboughtwoode8,cboughtwoode8@wsj.com
trohlfse9,trohlfse9@webs.com
jcardiffea,jcardiffea@bravesites.com
tchasmoreb,tchasmoreb@symantec.com
tdautryec,tdautryec@skype.com
edesbrowed,edesbrowed@51.la
nlarkinsee,nlarkinsee@angelfire.com
bexelbyef,bexelbyef@taobao.com
epershouseeg,epershouseeg@taobao.com
lwixoneh,lwixoneh@npr.org
afindonei,afindonei@wufoo.com
asabanej,asabanej@nih.gov
dshowenek,dshowenek@google.ru
fsmeuinel,fsmeuinel@loc.gov
clillicropem,clillicropem@ovh.net
adigginen,adigginen@pinterest.com
sgullaneeo,sgullaneeo@spiegel.de
mtidballep,mtidballep@booking.com
pbarwackeq,pbarwackeq@jugem.jp
jschollarer,jschollarer@nationalgeographic.com
jilivees,jilivees@alibaba.com
lhamblingtonet,lhamblingtonet@cnbc.com
edarkotteu,edarkotteu@usatoday.com
jbasekev,jbasekev@washington.edu
cmarietonew,cmarietonew@dot.gov
kwhitmoreex,kwhitmoreex@theglobeandmail.com
mlaytoney,mlaytoney@over-blog.com
lwellbankez,lwellbankez@dagondesign.com
aerdesf0,aerdesf0@ft.com
aaguirref1,aaguirref1@intel.com
gbartosiakf2,gbartosiakf2@shareasale.com
jcroomf3,jcroomf3@edublogs.org
btimoneyf4,btimoneyf4@ezinearticles.com
kforsonf5,kforsonf5@yellowbook.com
crickeardf6,crickeardf6@webnode.com
bheeronf7,bheeronf7@telegraph.co.uk
gcockingsf8,gcockingsf8@printfriendly.com
crobionf9,crobionf9@alexa.com
jenglishfa,jenglishfa@e-recht24.de
manespiefb,manespiefb@com.com
jsappsonfc,jsappsonfc@amazon.de
jstathersfd,jstathersfd@cyberchimps.com
mdefilippisfe,mdefilippisfe@google.it
cstockbridgeff,cstockbridgeff@hugedomains.com
bsizeyfg,bsizeyfg@lulu.com
vmaddiefh,vmaddiefh@moonfruit.com
valbistonfi,valbistonfi@oracle.com
dhouldenfj,dhouldenfj@psu.edu
kdaintryfk,kdaintryfk@ebay.co.uk
tbussellfl,tbussellfl@sakura.ne.jp
rclipsonfm,rclipsonfm@uiuc.edu
dadriennefn,dadriennefn@seesaa.net
middendenfo,middendenfo@blinklist.com
mdowtyfp,mdowtyfp@t-online.de
spuddlefq,spuddlefq@epa.gov
ioglassanefr,ioglassanefr@ning.com
kwynessfs,kwynessfs@guardian.co.uk
nlampft,nlampft@ebay.co.uk
ogronofu,ogronofu@un.org
ngorstidgefv,ngorstidgefv@shinystat.com
ihannibalfw,ihannibalfw@comsenz.com
bswetmorefx,bswetmorefx@hao123.com
ecarmofy,ecarmofy@google.ru
tberthelfz,tberthelfz@europa.eu
sduttg0,sduttg0@msn.com
nbeverageg1,nbeverageg1@tumblr.com
hlamarg2,hlamarg2@cpanel.net
gmulkerrinsg3,gmulkerrinsg3@microsoft.com
uminshallg4,uminshallg4@cocolog-nifty.com
ealfg5,ealfg5@wunderground.com
lguiderag6,lguiderag6@eventbrite.com
ecastanag7,ecastanag7@networksolutions.com
akuschag8,akuschag8@latimes.com
ecarlensg9,ecarlensg9@ovh.net
gdynega,gdynega@opera.com
ddignumgb,ddignumgb@istockphoto.com
astanwaygc,astanwaygc@usda.gov
khamlingtongd,khamlingtongd@yelp.com
aespinage,aespinage@slate.com
crixgf,crixgf@elegantthemes.com
csendsgg,csendsgg@arstechnica.com
cbroxisgh,cbroxisgh@trellian.com
cabbagi,cabbagi@youtu.be
ddinisgj,ddinisgj@imageshack.us
kgodbeheregk,kgodbeheregk@sina.com.cn
blibbygl,blibbygl@livejournal.com
bliptrotgm,bliptrotgm@dagondesign.com
ltugwellgn,ltugwellgn@google.de
dforemango,dforemango@yellowbook.com
dcureegp,dcureegp@amazon.com
mgarmentgq,mgarmentgq@nbcnews.com
jsuattgr,jsuattgr@wordpress.org
jhudlessgs,jhudlessgs@yellowpages.com
jstaytgt,jstaytgt@ca.gov
aeagargu,aeagargu@umich.edu
gstenbridgegv,gstenbridgegv@php.net
lnaldergw,lnaldergw@spotify.com
lolekhovgx,lolekhovgx@tmall.com
zluxtongy,zluxtongy@netscape.com
rwhitebreadgz,rwhitebreadgz@bing.com
gpashlerh0,gpashlerh0@woothemes.com
kbathoh1,kbathoh1@usnews.com
gsemperh2,gsemperh2@instagram.com
wpiggenh3,wpiggenh3@eepurl.com
cbraamh4,cbraamh4@example.com
rruckh5,rruckh5@narod.ru
bfarneyh6,bfarneyh6@wikimedia.org
lanwylh7,lanwylh7@stumbleupon.com
esnellingh8,esnellingh8@example.com
lfruinh9,lfruinh9@about.com
mmacleanha,mmacleanha@amazon.co.uk
dcornelleauhb,dcornelleauhb@simplemachines.org
odoyleyhc,odoyleyhc@whitehouse.gov
clambrookhd,clambrookhd@google.es
sbazelyhe,sbazelyhe@cmu.edu
lleninhf,lleninhf@ezinearticles.com
awaughhg,awaughhg@cnbc.com
cfolliotthh,cfolliotthh@nytimes.com
eparradyehi,eparradyehi@icio.us
fdekeephj,fdekeephj@posterous.com
jsouthonhk,jsouthonhk@admin.ch
sgiraudohl,sgiraudohl@tripadvisor.com
apackwoodhm,apackwoodhm@cnbc.com
shacaudhn,shacaudhn@dyndns.org
bbowcherho,bbowcherho@vinaora.com
hcadaganhp,hcadaganhp@thetimes.co.uk
ahedlinghq,ahedlinghq@google.com
rtoveyhr,rtoveyhr@sciencedaily.com
gludgrovehs,gludgrovehs@fastcompany.com
bskermanht,bskermanht@discuz.net
cgrzelczykhu,cgrzelczykhu@dropbox.com
obloschkehv,obloschkehv@mac.com
asaltmanhw,asaltmanhw@salon.com
rrennickshx,rrennickshx@sohu.com
alagohy,alagohy@oracle.com
ykeppehz,ykeppehz@wikipedia.org
wbowesi0,wbowesi0@people.com.cn
amarderi1,amarderi1@wikimedia.org
elaurenzii2,elaurenzii2@admin.ch
bcornbilli3,bcornbilli3@mtv.com
mtyronei4,mtyronei4@phpbb.com
ofraneyi5,ofraneyi5@arizona.edu
nhalei6,nhalei6@miibeian.gov.cn
kbernti7,kbernti7@nsw.gov.au
kcaultoni8,kcaultoni8@abc.net.au
dkynmani9,dkynmani9@cloudflare.com
saveriesia,saveriesia@bravesites.com
kvarndellib,kvarndellib@soundcloud.com
crimmeric,crimmeric@howstuffworks.com
landreazziid,landreazziid@wikimedia.org
rlisettie,rlisettie@nature.com
egeeritzif,egeeritzif@techcrunch.com
cguilderig,cguilderig@facebook.com
tbernardiih,tbernardiih@miibeian.gov.cn
newestaceii,newestaceii@icio.us
gcummungsij,gcummungsij@comsenz.com
tkesonik,tkesonik@amazonaws.com
ppyneril,ppyneril@uiuc.edu
mproudlerim,mproudlerim@dagondesign.com
cdreinanin,cdreinanin@mit.edu
yhearndenio,yhearndenio@nationalgeographic.com
gthirstip,gthirstip@nih.gov
imeadwayiq,imeadwayiq@cmu.edu
jberrimanir,jberrimanir@livejournal.com
clastyis,clastyis@foxnews.com
apersehouseit,apersehouseit@vistaprint.com
sullockiu,sullockiu@apple.com
jjewittiv,jjewittiv@123-reg.co.uk
klampardiw,klampardiw@facebook.com
athomassinix,athomassinix@liveinternet.ru
aayrisiy,aayrisiy@multiply.com
fthaliz,fthaliz@yandex.ru
ncochj0,ncochj0@pcworld.com
jconaj1,jconaj1@instagram.com
klowethj2,klowethj2@domainmarket.com
jrignoldj3,jrignoldj3@lulu.com
nsholemj4,nsholemj4@ft.com
mdonij5,mdonij5@miibeian.gov.cn
shillinj6,shillinj6@howstuffworks.com
jsteaningj7,jsteaningj7@t.co
rgeydonj8,rgeydonj8@google.com
ndoctorj9,ndoctorj9@discuz.net
lmcshaneja,lmcshaneja@ask.com
crehmjb,crehmjb@sfgate.com
ssidsaffjc,ssidsaffjc@list-manage.com
raldrittjd,raldrittjd@fastcompany.com
nbrinkleyje,nbrinkleyje@foxnews.com
fbyrdjf,fbyrdjf@amazon.co.jp
sjacobbejg,sjacobbejg@hud.gov
ljosefsonjh,ljosefsonjh@auda.org.au
grothamji,grothamji@bing.com
jallinghamjj,jallinghamjj@goo.gl
mwinwoodjk,mwinwoodjk@xing.com
phearmonjl,phearmonjl@weebly.com
iphilippartjm,iphilippartjm@ameblo.jp
asollowayjn,asollowayjn@themeforest.net
ahamsleyjo,ahamsleyjo@miibeian.gov.cn
sarborjp,sarborjp@soundcloud.com
dcurraojq,dcurraojq@gnu.org
bweatherburnjr,bweatherburnjr@clickbank.net
tpalatinojs,tpalatinojs@cnbc.com
bhastingsjt,bhastingsjt@geocities.jp
sbrookesju,sbrookesju@jimdo.com
sruminjv,sruminjv@goo.ne.jp
bsitwelljw,bsitwelljw@cornell.edu
dmaypolejx,dmaypolejx@google.pl
dlillowjy,dlillowjy@tinyurl.com
asargeauntjz,asargeauntjz@latimes.com
eabbetsk0,eabbetsk0@pen.io
cbinyonk1,cbinyonk1@wikispaces.com
osaylork2,osaylork2@w3.org
bwraightek3,bwraightek3@scribd.com
vfarmank4,vfarmank4@altervista.org
ksamsonsenk5,ksamsonsenk5@eepurl.com
tbrenstuhlk6,tbrenstuhlk6@paginegialle.it
tbuggsk7,tbuggsk7@plala.or.jp
rstickneyk8,rstickneyk8@gov.uk
dmcnicolk9,dmcnicolk9@java.com
mscarthka,mscarthka@printfriendly.com
pechlinkb,pechlinkb@usnews.com
scapewellkc,scapewellkc@barnesandnoble.com
sgaggenkd,sgaggenkd@alexa.com
bstelfaxke,bstelfaxke@marriott.com
moraffertykf,moraffertykf@themeforest.net
bllorenskg,bllorenskg@nydailynews.com
jurenkh,jurenkh@abc.net.au
fmcareeki,fmcareeki@globo.com
aridingskj,aridingskj@hao123.com
gmithankk,gmithankk@house.gov
fsakerkl,fsakerkl@prlog.org
esomerledkm,esomerledkm@nydailynews.com
apickleskn,apickleskn@drupal.org
wscapensko,wscapensko@technorati.com
tstraceykp,tstraceykp@uiuc.edu
wcalbaithekq,wcalbaithekq@virginia.edu
kzammittkr,kzammittkr@google.de
dbellks,dbellks@gizmodo.com
mshielkt,mshielkt@pen.io
yabramzonku,yabramzonku@cocolog-nifty.com
mfinlatorkv,mfinlatorkv@bloglines.com
tsommerlingkw,tsommerlingkw@gmpg.org
kmatoshinkx,kmatoshinkx@clickbank.net
aplowrightky,aplowrightky@jalbum.net
rjaggerkz,rjaggerkz@multiply.com
dheissl0,dheissl0@nbcnews.com
mfarressl1,mfarressl1@uiuc.edu
khorrodl2,khorrodl2@mozilla.com
fscholigl3,fscholigl3@google.ru
jcassaml4,jcassaml4@cmu.edu
aattrydel5,aattrydel5@shareasale.com
mkimptonl6,mkimptonl6@yolasite.com
cdaenl7,cdaenl7@list-manage.com
jgyfordl8,jgyfordl8@theguardian.com
rromanl9,rromanl9@skype.com
jdaddsla,jdaddsla@harvard.edu
vmattinsonlb,vmattinsonlb@blogs.com
elearoydelc,elearoydelc@cloudflare.com
iainslield,iainslield@blog.com
ksculleyle,ksculleyle@si.edu
hbeavanlf,hbeavanlf@ed.gov
tminardslg,tminardslg@npr.org
ygowansonlh,ygowansonlh@accuweather.com
atoalli,atoalli@time.com
ghalversenlj,ghalversenlj@vk.com
kprigmorelk,kprigmorelk@edublogs.org
bgladdisll,bgladdisll@studiopress.com
kkenneficklm,kkenneficklm@who.int
bnewlandsln,bnewlandsln@imdb.com
gcringlelo,gcringlelo@mit.edu
mwhawelllp,mwhawelllp@privacy.gov.au
mwaddilowlq,mwaddilowlq@eventbrite.com
cwhitterslr,cwhitterslr@list-manage.com
bchittendenls,bchittendenls@yolasite.com
gpullingerlt,gpullingerlt@wikispaces.com
targylelu,targylelu@jimdo.com
mbernhardtlv,mbernhardtlv@jalbum.net
ianthonlw,ianthonlw@blogs.com
nneilandslx,nneilandslx@icq.com
cbirckmannly,cbirckmannly@vinaora.com
lkelmerelz,lkelmerelz@state.tx.us
ksyselandm0,ksyselandm0@amazonaws.com
gkobierzyckim1,gkobierzyckim1@marketwatch.com
mskonem2,mskonem2@addtoany.com
trousselm3,trousselm3@barnesandnoble.com
tknevetm4,tknevetm4@cargocollective.com
bbridgwoodm5,bbridgwoodm5@icio.us
dhedylstonem6,dhedylstonem6@boston.com
bsancroftm7,bsancroftm7@mac.com
vmaddickm8,vmaddickm8@newyorker.com
vbluschkem9,vbluschkem9@businesswire.com
nhowettma,nhowettma@meetup.com
hsaynormb,hsaynormb@youtu.be
espellissymc,espellissymc@webs.com
ecranhammd,ecranhammd@youtube.com
jdohrmannme,jdohrmannme@businessweek.com
bfantonmf,bfantonmf@networkadvertising.org
dduforemg,dduforemg@google.it
hhebblewaitemh,hhebblewaitemh@arizona.edu
tsallingmi,tsallingmi@amazonaws.com
palhirsimj,palhirsimj@1und1.de
ddelbouxmk,ddelbouxmk@ucoz.ru
fdarrowml,fdarrowml@printfriendly.com
dmaiormm,dmaiormm@wsj.com
jwiggammn,jwiggammn@ebay.com
wspatonimo,wspatonimo@webnode.com
scrummp,scrummp@dropbox.com
bchalkemq,bchalkemq@pbs.org
baberchirdermr,baberchirdermr@desdev.cn
diredellms,diredellms@cargocollective.com
kphebymt,kphebymt@livejournal.com
rakistermu,rakistermu@yahoo.co.jp
cbabbmv,cbabbmv@nifty.com
wletevemw,wletevemw@nhs.uk
emohamedmx,emohamedmx@merriam-webster.com
htenmanmy,htenmanmy@ocn.ne.jp
sdunnmz,sdunnmz@state.gov
rtreadgoldn0,rtreadgoldn0@microsoft.com
bswindellsn1,bswindellsn1@census.gov
dkingsnodn2,dkingsnodn2@dot.gov
rmoorheadn3,rmoorheadn3@slideshare.net
cburnipn4,cburnipn4@wired.com
kbegginin5,kbegginin5@ibm.com
griedeln6,griedeln6@clickbank.net
jhavardn7,jhavardn7@abc.net.au
hadenetn8,hadenetn8@meetup.com
kselwoodn9,kselwoodn9@nydailynews.com
wdermottna,wdermottna@stumbleupon.com
hmcallesternb,hmcallesternb@mac.com
bklampknc,bklampknc@sbwire.com
ftunnownd,ftunnownd@indiegogo.com
dgetshamne,dgetshamne@yellowbook.com
dbrenstuhlnf,dbrenstuhlnf@soup.io
jcrawshawng,jcrawshawng@imageshack.us
hfairhallnh,hfairhallnh@github.io
cerieni,cerieni@answers.com
kboyettnj,kboyettnj@is.gd
crodgiernk,crodgiernk@furl.net
gparadenl,gparadenl@foxnews.com
hgiacovazzonm,hgiacovazzonm@walmart.com
acanedonn,acanedonn@scientificamerican.com
rshearstonno,rshearstonno@ca.gov
mhundleynp,mhundleynp@usa.gov
lnottlenq,lnottlenq@ustream.tv
jrobertisnr,jrobertisnr@gov.uk
stripconyns,stripconyns@cbsnews.com
kdimeloent,kdimeloent@uiuc.edu
galeavynu,galeavynu@studiopress.com
lchownnv,lchownnv@123-reg.co.uk
kdickynw,kdickynw@mozilla.org
meffnertnx,meffnertnx@sogou.com
dhutcheonsny,dhutcheonsny@cam.ac.uk
emcmurthynz,emcmurthynz@dyndns.org
dgiovannio0,dgiovannio0@skyrock.com
wbarrello1,wbarrello1@berkeley.edu
ocattleo2,ocattleo2@cloudflare.com
crubinsafto3,crubinsafto3@eepurl.com
smacadieo4,smacadieo4@ning.com
mgillano5,mgillano5@mapquest.com
mkrausso6,mkrausso6@nationalgeographic.com
jgyteshamo7,jgyteshamo7@phoca.cz
lcowwello8,lcowwello8@ucsd.edu
cmaudeo9,cmaudeo9@indiatimes.com
tbrodeauoa,tbrodeauoa@mlb.com
bitzhakiob,bitzhakiob@mashable.com
rmclagainoc,rmclagainoc@accuweather.com
lbimroseod,lbimroseod@opera.com
mpanswickoe,mpanswickoe@cdbaby.com
dlanbertoniof,dlanbertoniof@barnesandnoble.com
cbellenieog,cbellenieog@wsj.com
randrusovoh,randrusovoh@mac.com
scainesoi,scainesoi@pinterest.com
pcordonoj,pcordonoj@google.co.uk
sgrintok,sgrintok@paginegialle.it
aweatherburnol,aweatherburnol@reference.com
ecadallederom,ecadallederom@weather.com
tpellewon,tpellewon@t.co
bskuresoo,bskuresoo@blogspot.com
fmackenop,fmackenop@illinois.edu
akarlssonoq,akarlssonoq@ted.com
mtatchellor,mtatchellor@utexas.edu
ngriegos,ngriegos@mysql.com
wlubmanot,wlubmanot@ucoz.com
ooteagueou,ooteagueou@wunderground.com
mgiroldiov,mgiroldiov@blinklist.com
mkilbanow,mkilbanow@stanford.edu
sginleyox,sginleyox@theatlantic.com
kstubbingsoy,kstubbingsoy@thetimes.co.uk
cladymanoz,cladymanoz@de.vu
mharraginp0,mharraginp0@discuz.net
tlimmingp1,tlimmingp1@aol.com
dholstonp2,dholstonp2@eventbrite.com
cbertomeup3,cbertomeup3@163.com
jtheisp4,jtheisp4@nps.gov
eteatherp5,eteatherp5@weather.com
dboddisp6,dboddisp6@cbc.ca
ccassyp7,ccassyp7@wordpress.com
vpesikp8,vpesikp8@goo.ne.jp
xchislettp9,xchislettp9@marketwatch.com
kanderssonpa,kanderssonpa@jigsy.com
mcraydonpb,mcraydonpb@ovh.net
gcottiepc,gcottiepc@bizjournals.com
wtippinpd,wtippinpd@wordpress.org
ddoolanpe,ddoolanpe@salon.com
sdigweedpf,sdigweedpf@elegantthemes.com
dpeoplepg,dpeoplepg@google.es
eduroph,eduroph@narod.ru
mpettigreepi,mpettigreepi@freewebs.com
cmelmarpj,cmelmarpj@meetup.com
amcavaddypk,amcavaddypk@tripadvisor.com
ypeacoppl,ypeacoppl@wunderground.com
gfrancktonpm,gfrancktonpm@prnewswire.com
jbenziepn,jbenziepn@1688.com
swillcockspo,swillcockspo@nature.com
kcaganpp,kcaganpp@free.fr
rcreswellpq,rcreswellpq@usa.gov
fbibbpr,fbibbpr@odnoklassniki.ru
yphilsonps,yphilsonps@pagesperso-orange.fr
akelshawpt,akelshawpt@xinhuanet.com
fstadingpu,fstadingpu@nba.com
akenwynpv,akenwynpv@technorati.com
hmainepw,hmainepw@ftc.gov
ladanezpx,ladanezpx@apache.org
sdibiaggipy,sdibiaggipy@jalbum.net
dtuerpz,dtuerpz@lycos.com
klovingq0,klovingq0@macromedia.com
lkirmanq1,lkirmanq1@yahoo.com
obalogunq2,obalogunq2@cocolog-nifty.com
ebiscoq3,ebiscoq3@bbb.org
johmq4,johmq4@arstechnica.com
nculveyq5,nculveyq5@deviantart.com
scapunq6,scapunq6@dailymotion.com
ewindhamq7,ewindhamq7@mlb.com
tlinggoodq8,tlinggoodq8@icq.com
aharrissq9,aharrissq9@timesonline.co.uk
fsharpeqa,fsharpeqa@state.tx.us
rgrafhomqb,rgrafhomqb@elegantthemes.com
rdudmarshqc,rdudmarshqc@plala.or.jp
mbeilbyqd,mbeilbyqd@ox.ac.uk
bkopecqe,bkopecqe@usda.gov
gferqf,gferqf@harvard.edu
ttointonqg,ttointonqg@tinyurl.com
aorwinqh,aorwinqh@geocities.jp
wtitmussqi,wtitmussqi@vk.com
bcouzensqj,bcouzensqj@t.co
zheersqk,zheersqk@dedecms.com
fnystromql,fnystromql@canalblog.com
vvizardqm,vvizardqm@behance.net
tdalglieshqn,tdalglieshqn@wordpress.org
rhamelynqo,rhamelynqo@jigsy.com
hrabbittsqp,hrabbittsqp@alexa.com
jmatusiakqq,jmatusiakqq@multiply.com
mdunningqr,mdunningqr@chronoengine.com
dmarquissqs,dmarquissqs@biglobe.ne.jp
jescudierqt,jescudierqt@java.com
epavlikqu,epavlikqu@aboutads.info
efranklynqv,efranklynqv@wikimedia.org
aellereyqw,aellereyqw@ftc.gov
dprottqx,dprottqx@omniture.com
heastopeqy,heastopeqy@weather.com
ecuretonqz,ecuretonqz@geocities.jp
ooleksinskir0,ooleksinskir0@altervista.org
alindebergr1,alindebergr1@pcworld.com
gmcconnelr2,gmcconnelr2@gravatar.com
kkeniwellr3,kkeniwellr3@themeforest.net
jelbournr4,jelbournr4@diigo.com
cpowr5,cpowr5@squarespace.com
vbrommager6,vbrommager6@cmu.edu
kpackingtonr7,kpackingtonr7@unicef.org
mgildear8,mgildear8@xing.com
mhaylorr9,mhaylorr9@ameblo.jp
bskrynera,bskrynera@youtube.com
asenchenkorb,asenchenkorb@independent.co.uk
rstandevenrc,rstandevenrc@uiuc.edu
akochlrd,akochlrd@unesco.org
gbeardonre,gbeardonre@blog.com
vcowoperf,vcowoperf@blogs.com
hyuryevrg,hyuryevrg@google.com.br
cteaserrh,cteaserrh@tripod.com
fmerrellri,fmerrellri@msu.edu
cbasilottarj,cbasilottarj@shinystat.com
ybassork,ybassork@yale.edu
jpuffettrl,jpuffettrl@51.la
egatchellrm,egatchellrm@mozilla.org
rglasscoorn,rglasscoorn@blog.com
dtolomioro,dtolomioro@dropbox.com
vranyelldrp,vranyelldrp@mediafire.com
vyoudrq,vyoudrq@woothemes.com
acapesrr,acapesrr@theguardian.com
